City_ID,City,Country,Date,Lat,Lng,Max Temp,Humidity,Cloudiness,Wind Speed
0,Ilulissat,GL,2021-07-18 19:11:23,69.2167,-51.1,53.62,58,75,5.75
1,Hermanus,ZA,2021-07-18 19:11:24,-34.4187,19.2345,58.87,66,13,2.35
2,Lukovetskiy,RU,2021-07-18 19:11:24,64.2956,41.9211,73.38,63,4,6.24
3,Porto Santo,PT,2021-07-18 19:11:24,33.072,-16.3415,73.31,68,40,9.22
4,Tiksi,RU,2021-07-18 19:11:24,71.6872,128.8694,41.92,74,100,5.06
5,Lazaro Cardenas,MX,2021-07-18 19:11:25,17.9583,-102.2,85.08,73,22,4.21
6,New Norfolk,AU,2021-07-18 19:11:25,-42.7826,147.0587,49.57,82,100,2.93
7,Camacha,PT,2021-07-18 19:11:25,33.0833,-16.3333,70.56,68,40,9.22
8,Rikitea,PF,2021-07-18 19:11:26,-23.1203,-134.9692,71.78,61,100,26.08
9,Port Alfred,ZA,2021-07-18 19:11:26,-33.5906,26.891,61.21,65,0,12.91
10,Touros,BR,2021-07-18 19:11:26,-5.1989,-35.4608,79.7,68,49,15.99
11,Paamiut,GL,2021-07-18 19:11:26,61.994,-49.6678,43.34,96,74,29.86
12,Bavleny,RU,2021-07-18 19:11:27,56.4,39.56,69.22,53,100,4.14
13,Lavrentiya,RU,2021-07-18 19:11:27,65.5833,-171.0,46.13,93,96,9.22
14,Novoilinsk,RU,2021-07-18 19:11:27,51.6829,108.7143,60.31,98,100,1.5
15,Butaritari,KI,2021-07-18 19:11:28,3.0707,172.7902,82.83,76,100,12.88
16,Jamestown,US,2021-07-18 19:11:28,42.097,-79.2353,78.3,73,1,10.36
17,Castro,BR,2021-07-18 19:11:28,-24.7911,-50.0119,51.58,48,0,10.96
18,Atbasar,KZ,2021-07-18 19:11:28,51.8,68.3333,63.03,58,47,7.09
19,East London,ZA,2021-07-18 19:11:29,-33.0153,27.9116,61.34,67,0,13.85
20,Sarkand,KZ,2021-07-18 19:11:29,45.41,79.9186,69.75,24,100,8.84
21,Ancud,CL,2021-07-18 19:11:29,-41.8697,-73.8203,47.73,72,100,5.41
22,Charters Towers,AU,2021-07-18 19:11:30,-20.1,146.2667,54.9,83,97,3.65
23,Georgetown,MY,2021-07-18 19:11:30,5.4112,100.3354,80.53,94,20,0.0
24,Antofagasta,CL,2021-07-18 19:11:30,-23.65,-70.4,66.22,56,23,3.58
25,Saint-Denis,FR,2021-07-18 19:11:31,48.9167,2.3333,81.99,52,0,9.22
26,Upernavik,GL,2021-07-18 19:11:31,72.7868,-56.1549,39.43,82,74,15.82
27,Sembakung,ID,2021-07-18 19:11:31,3.8167,117.25,74.52,98,85,1.7
28,Necochea,AR,2021-07-18 19:11:32,-38.5473,-58.7368,47.03,74,69,20.98
29,Barrow,US,2021-07-18 19:11:32,71.2906,-156.7887,53.62,71,75,17.27
30,Port Elizabeth,ZA,2021-07-18 19:11:32,-33.918,25.5701,48.49,87,40,3.44
31,Alofi,NU,2021-07-18 19:11:32,-19.0595,-169.9187,76.8,80,11,18.9
32,Kruisfontein,ZA,2021-07-18 19:11:33,-34.0033,24.7314,58.95,25,0,8.25
33,Pandan,PH,2021-07-18 19:11:33,14.0453,124.1694,81.5,82,100,9.93
34,Quatre Cocos,MU,2021-07-18 19:11:33,-20.2078,57.7625,71.1,67,4,16.06
35,Gallup,US,2021-07-18 19:11:34,35.5281,-108.7426,86.76,33,40,1.01
36,Hobart,AU,2021-07-18 19:11:34,-42.8794,147.3294,49.91,82,100,5.01
37,Airai,TL,2021-07-18 19:11:35,-8.9266,125.4092,55.8,72,97,3.18
38,Xichang,CN,2021-07-18 19:11:35,27.8964,102.2634,63.46,86,50,3.29
39,Vila Franca Do Campo,PT,2021-07-18 19:11:35,37.7167,-25.4333,72.01,68,100,8.57
40,Puerto Ayora,EC,2021-07-18 19:11:36,-0.7393,-90.3518,73.54,90,86,5.99
41,Polson,US,2021-07-18 19:11:36,47.6936,-114.1632,84.42,43,0,1.01
42,Tuktoyaktuk,CA,2021-07-18 19:11:36,69.4541,-133.0374,45.79,94,100,10.38
43,Bilma,NE,2021-07-18 19:11:37,18.6853,12.9164,97.2,21,100,11.45
44,Mataura,NZ,2021-07-18 19:11:37,-46.1927,168.8643,43.03,97,100,1.72
45,Havre-Saint-Pierre,CA,2021-07-18 19:11:37,50.2334,-63.5986,64.94,66,51,14.76
46,Bam,IR,2021-07-18 19:11:37,29.106,58.357,93.51,32,86,10.58
47,Olafsvik,IS,2021-07-18 19:07:42,64.8945,-23.7142,50.67,85,92,12.73
48,Bambous Virieux,MU,2021-07-18 19:11:38,-20.3428,57.7575,71.22,66,3,16.2
49,Klaksvik,FO,2021-07-18 19:11:38,62.2266,-6.589,52.72,85,8,3.83
50,Grindavik,IS,2021-07-18 19:11:39,63.8424,-22.4338,48.67,81,75,5.75
51,Esperance,AU,2021-07-18 19:11:39,-33.8667,121.9,53.46,84,5,14.23
52,Ushuaia,AR,2021-07-18 19:10:46,-54.8,-68.3,38.86,87,90,4.61
53,Broome,US,2021-07-18 19:11:39,42.2506,-75.833,69.84,96,90,1.99
54,Chicama,PE,2021-07-18 19:11:40,-7.8447,-79.1469,66.74,59,12,9.82
55,Dillon,US,2021-07-18 19:11:40,34.4166,-79.3712,94.12,36,82,7.56
56,Bom Jesus Da Lapa,BR,2021-07-18 19:11:41,-13.255,-43.4181,91.63,17,3,7.14
57,Ilek,RU,2021-07-18 19:11:41,51.5271,53.3831,76.89,43,5,8.32
58,Longyearbyen,SJ,2021-07-18 19:11:41,78.2186,15.6401,40.84,93,90,6.91
59,Aklavik,CA,2021-07-18 19:11:42,68.2191,-135.0107,53.96,83,100,12.71
60,Pangnirtung,CA,2021-07-18 19:11:42,66.1451,-65.7125,46.4,87,90,12.66
61,Takoradi,GH,2021-07-18 19:11:43,4.8845,-1.7554,75.79,80,60,8.43
62,Mahebourg,MU,2021-07-18 19:11:43,-20.4081,57.7,71.26,67,2,16.26
63,Khatanga,RU,2021-07-18 19:11:43,71.9667,102.5,54.3,84,96,9.13
64,Albany,US,2021-07-18 19:11:43,42.6001,-73.9662,74.75,90,100,6.53
65,Luderitz,NA,2021-07-18 19:11:44,-26.6481,15.1594,68.38,40,0,6.06
66,Chipinge,ZW,2021-07-18 19:11:44,-20.1883,32.6236,46.62,56,2,2.04
67,Atuona,PF,2021-07-18 19:11:44,-9.8,-139.0333,77.94,75,7,27.02
68,Lawrence,US,2021-07-18 19:10:01,38.9717,-95.2353,86.38,57,1,6.91
69,Yellowknife,CA,2021-07-18 19:11:45,62.456,-114.3525,67.28,55,12,1.01
70,Kurilsk,RU,2021-07-18 19:11:46,45.2333,147.8833,60.31,97,80,3.67
71,Lebu,CL,2021-07-18 19:11:46,-37.6167,-73.65,53.31,63,0,14.83
72,Vaini,TO,2021-07-18 19:11:46,-21.2,-175.2,73.56,94,20,4.61
73,Cidreira,BR,2021-07-18 19:11:47,-30.1811,-50.2056,53.64,52,3,25.03
74,Port Hedland,AU,2021-07-18 19:11:47,-20.3167,118.5667,57.25,58,0,8.05
75,Punta Arenas,CL,2021-07-18 19:11:48,-53.15,-70.9167,44.71,81,0,9.22
76,Great Yarmouth,GB,2021-07-18 19:11:48,52.6083,1.7305,75.56,81,0,6.26
77,Santa Cruz,BO,2021-07-18 19:11:48,-17.8,-63.1667,63.86,39,90,14.97
78,Mar Del Plata,AR,2021-07-18 19:11:48,-38.0023,-57.5575,52.09,46,92,15.99
79,Praya,CV,2021-07-18 19:11:49,14.9215,-23.5087,81.14,74,20,3.44
80,Tsagan Aman,RU,2021-07-18 19:10:44,47.5639,46.7218,82.02,39,15,6.71
81,Bethel,US,2021-07-18 19:11:49,41.3712,-73.414,85.19,79,75,4.61
82,Altamira,BR,2021-07-18 19:11:49,-3.2033,-52.2064,84.2,62,98,2.44
83,Homer,US,2021-07-18 19:11:05,59.6425,-151.5483,77.07,71,1,5.75
84,Bluff,NZ,2021-07-18 19:11:50,-46.6,168.3333,45.39,85,88,4.45
85,Avera,US,2021-07-18 19:11:50,33.194,-82.5271,90.91,45,100,6.85
86,Madison Heights,US,2021-07-18 19:11:51,42.4859,-83.1052,86.02,53,1,8.05
87,Cape Town,ZA,2021-07-18 19:07:41,-33.9258,18.4232,61.27,67,86,5.44
88,Kapaa,US,2021-07-18 19:11:51,22.0752,-159.319,80.58,80,75,4.0
89,Hilo,US,2021-07-18 19:11:51,19.7297,-155.09,85.28,80,90,11.5
90,Saint-Joseph,RE,2021-07-18 19:11:52,-21.3667,55.6167,68.38,82,92,13.98
91,Cabo San Lucas,MX,2021-07-18 19:11:52,22.8909,-109.9124,95.81,66,40,3.0
92,Chuy,UY,2021-07-18 19:11:52,-33.6971,-53.4616,46.35,89,100,28.34
93,Aasiaat,GL,2021-07-18 19:11:52,68.7098,-52.8699,41.81,83,100,8.97
94,Carnarvon,AU,2021-07-18 19:08:13,-24.8667,113.6333,60.87,61,90,5.75
95,Ponta Do Sol,PT,2021-07-18 19:11:36,32.6667,-17.1,77.72,88,1,2.82
96,Hamilton,US,2021-07-18 19:11:54,39.1834,-84.5333,84.65,57,1,1.01
97,San Pedro De Macoris,DO,2021-07-18 19:11:54,18.4616,-69.2972,84.81,71,100,11.03
98,Inhambane,MZ,2021-07-18 19:11:54,-23.865,35.3833,67.1,84,90,15.66
99,Dikson,RU,2021-07-18 19:11:54,73.5069,80.5464,35.56,89,30,6.6
100,Pacific Grove,US,2021-07-18 19:11:55,36.6177,-121.9166,92.57,83,20,5.99
101,Okhotsk,RU,2021-07-18 19:11:55,59.3833,143.3,59.13,85,4,4.56
102,Pozo Colorado,PY,2021-07-18 19:11:55,-23.4923,-58.7972,65.5,15,100,10.42
103,Eydhafushi,MV,2021-07-18 19:11:56,5.1033,73.0708,82.92,72,100,13.09
104,Victoria,HK,2021-07-18 19:08:15,22.2855,114.1577,80.96,95,100,3.0
105,Phuket,TH,2021-07-18 19:11:56,8.0,98.25,87.1,78,20,5.75
106,Kahului,US,2021-07-18 19:11:57,20.8947,-156.47,80.96,81,40,23.02
107,Nome,US,2021-07-18 19:11:57,64.5011,-165.4064,52.16,87,90,11.5
108,Saint-Philippe,RE,2021-07-18 19:11:57,-21.3585,55.7679,69.39,83,83,13.58
109,Madang,PG,2021-07-18 19:11:58,-5.2246,145.7966,75.09,91,100,5.41
110,Cockburn Town,TC,2021-07-18 19:11:58,21.4612,-71.1419,81.72,82,100,19.82
111,Hithadhoo,MV,2021-07-18 19:11:18,-0.6,73.0833,81.25,74,30,2.46
112,Tasiilaq,GL,2021-07-18 19:11:59,65.6145,-37.6368,41.52,81,77,0.83
113,Isoka,ZM,2021-07-18 19:12:00,-10.1606,32.6335,55.92,57,78,1.34
114,Semirom,IR,2021-07-18 19:12:00,31.4167,51.5667,65.32,69,98,4.25
115,Batagay-Alyta,RU,2021-07-18 19:12:01,67.8006,130.4114,49.23,64,100,3.06
116,Rafai,CF,2021-07-18 19:12:02,4.95,23.9167,68.86,97,100,1.54
117,Lorengau,PG,2021-07-18 19:12:02,-2.0226,147.2712,79.81,78,100,2.82
118,Damghan,IR,2021-07-18 19:12:02,36.1683,54.348,83.41,34,4,4.81
119,Ribeira Grande,PT,2021-07-18 19:12:03,38.5167,-28.7,72.0,68,40,13.8
120,Masuguru,TZ,2021-07-18 19:12:03,-11.3667,38.4167,72.59,59,30,6.31
121,Norwich,GB,2021-07-18 19:09:53,52.6278,1.2983,75.47,70,33,9.22
122,Hay River,CA,2021-07-18 19:12:04,60.8156,-115.7999,63.5,45,95,3.13
123,Ziro,IN,2021-07-18 19:12:04,27.6333,93.8333,60.69,99,98,0.47
124,Sur,OM,2021-07-18 19:12:05,22.5667,59.5289,87.76,63,13,15.17
125,Xam Nua,LA,2021-07-18 19:12:05,20.4197,104.0439,68.27,99,100,2.17
126,Lasa,IT,2021-07-18 19:12:05,46.6166,10.7002,76.91,93,40,6.87
127,Guerrero Negro,MX,2021-07-18 19:12:06,27.9769,-114.0611,83.08,49,2,10.71
128,Fortuna,US,2021-07-18 19:12:06,40.5982,-124.1573,67.93,74,20,5.01
129,Cairns,AU,2021-07-18 19:12:06,-16.9167,145.7667,71.55,64,90,6.91
130,Lagoa,PT,2021-07-18 19:12:07,39.05,-27.9833,68.11,75,2,16.89
131,Zapolyarnyy,RU,2021-07-18 19:12:08,69.4154,30.8136,47.48,97,100,28.12
132,Arraial Do Cabo,BR,2021-07-18 19:12:08,-22.9661,-42.0278,73.26,83,75,10.36
133,Staffanstorp,SE,2021-07-18 19:08:58,55.6428,13.2064,65.08,53,75,8.99
134,Avarua,CK,2021-07-18 19:10:10,-21.2078,-159.775,77.05,78,75,6.91
135,Maan,PH,2021-07-18 19:12:09,5.9339,124.7356,78.28,86,87,2.55
136,Bredasdorp,ZA,2021-07-18 19:12:09,-34.5322,20.0403,54.52,60,1,2.73
137,Port Blair,IN,2021-07-18 19:12:09,11.6667,92.75,80.4,87,100,19.08
138,Rorvik,NO,2021-07-18 19:12:10,64.8621,11.2373,53.71,76,75,17.27
139,Busselton,AU,2021-07-18 19:12:10,-33.65,115.3333,47.08,78,83,7.99
140,Saint George,US,2021-07-18 19:12:10,37.1041,-113.5841,93.67,37,1,1.99
141,Saint-Tite,CA,2021-07-18 19:12:11,46.7334,-72.5658,75.38,66,100,6.51
142,San Cristobal,VE,2021-07-18 19:12:11,7.7669,-72.225,86.18,56,36,8.3
143,Qaanaaq,GL,2021-07-18 19:12:11,77.484,-69.3632,37.58,91,97,2.98
144,Merta,IN,2021-07-18 19:12:11,26.65,74.0333,80.26,83,100,7.58
145,Akdepe,TM,2021-07-18 19:12:12,42.0551,59.3788,84.2,17,2,11.61
146,Kisangani,CD,2021-07-18 19:12:12,0.5167,25.2,74.86,82,100,4.16
147,Junin,AR,2021-07-18 19:12:12,-34.5838,-60.9433,55.98,41,1,15.59
148,Parkes,AU,2021-07-18 19:12:13,-33.1333,148.1833,45.36,80,100,1.92
149,Acapulco,MX,2021-07-18 19:12:13,16.8634,-99.8901,87.62,74,20,4.61
150,Hobyo,SO,2021-07-18 19:12:16,5.3505,48.5268,76.91,80,93,24.45
151,Jacksonville,US,2021-07-18 19:12:16,30.3322,-81.6556,94.05,69,75,12.66
152,Krasnoselkup,RU,2021-07-18 19:12:17,65.7,82.4667,45.95,71,1,6.76
153,Yongan,CN,2021-07-18 19:12:17,39.6957,113.6871,64.62,92,17,6.02
154,Marzuq,YE,2021-07-18 19:12:17,14.4,46.4667,84.45,42,100,6.55
155,Maxixe,MZ,2021-07-18 19:12:18,-23.8597,35.3472,66.24,85,87,13.73
156,Talnakh,RU,2021-07-18 19:10:51,69.4865,88.3972,49.59,77,100,5.41
157,Seoni,IN,2021-07-18 19:12:18,22.0833,79.5333,79.7,71,56,5.26
158,Cayenne,GF,2021-07-18 19:10:14,4.9333,-52.3333,89.64,73,0,5.01
159,Kormilovka,RU,2021-07-18 19:07:47,55.0026,74.1028,55.15,78,21,4.54
160,Tuatapere,NZ,2021-07-18 19:12:19,-46.1333,167.6833,43.07,91,86,1.81
161,Lompoc,US,2021-07-18 19:12:19,34.6391,-120.4579,88.21,73,1,12.66
162,Ossora,RU,2021-07-18 19:12:20,59.2353,163.0719,51.89,92,100,2.44
163,Kuytun,RU,2021-07-18 19:12:20,54.3419,101.5036,54.84,89,5,3.74
164,Kodiak,US,2021-07-18 19:12:20,57.79,-152.4072,69.31,56,1,4.61
165,Saldanha,ZA,2021-07-18 19:12:20,-33.0117,17.9442,60.03,61,7,6.06
166,Luganville,VU,2021-07-18 19:12:21,-15.5333,167.1667,76.48,81,7,5.46
167,Mandiana,GN,2021-07-18 19:12:21,10.6333,-8.6833,81.7,65,84,3.8
168,Strezhevoy,RU,2021-07-18 19:12:21,60.7333,77.5889,57.18,92,13,6.24
169,Santa Vitoria Do Palmar,BR,2021-07-18 19:12:22,-33.5189,-53.3681,45.77,86,100,30.36
170,Nikolskoye,RU,2021-07-18 19:12:22,59.7035,30.7861,71.78,68,66,6.51
171,Vrancioaia,RO,2021-07-18 19:12:22,45.85,26.7333,68.25,90,56,4.81
172,Faya,SA,2021-07-18 19:12:23,18.3851,42.4509,68.52,42,75,4.21
173,Voh,NC,2021-07-18 19:12:23,-20.9667,164.7,68.72,87,90,6.02
174,Pevek,RU,2021-07-18 19:08:33,69.7008,170.3133,37.65,83,100,8.37
175,Namibe,AO,2021-07-18 19:12:24,-15.1961,12.1522,68.83,86,94,5.55
176,Margate,GB,2021-07-18 19:12:24,51.3813,1.3862,72.88,74,0,1.99
177,Jizan,SA,2021-07-18 19:12:24,17.3333,42.6667,91.71,41,66,6.02
178,Thompson,CA,2021-07-18 19:12:25,55.7435,-97.8558,50.16,100,90,9.22
179,Igarka,RU,2021-07-18 19:12:25,67.4667,86.5833,45.14,79,65,7.11
180,Deputatskiy,RU,2021-07-18 19:12:26,69.3,139.9,45.91,59,100,2.13
181,Novoagansk,RU,2021-07-18 19:12:26,61.9449,76.6625,50.86,87,13,5.57
182,Kamaishi,JP,2021-07-18 19:12:26,39.2667,141.8833,73.72,89,5,3.11
183,Choma,ZM,2021-07-18 19:12:27,-16.8065,26.9531,53.06,53,0,5.32
184,Sitka,US,2021-07-18 19:12:27,57.0531,-135.33,60.69,82,90,0.0
185,Dentsville,US,2021-07-18 19:12:27,34.064,-80.9582,91.72,58,75,1.99
186,Clyde River,CA,2021-07-18 19:12:28,70.4692,-68.5914,37.74,71,100,7.02
187,Miraflores,MX,2021-07-18 19:12:28,19.2167,-98.8083,74.16,46,53,3.02
188,Cherskiy,RU,2021-07-18 19:12:28,68.75,161.3,46.92,60,100,8.3
189,Awjilah,LY,2021-07-18 19:12:28,29.1081,21.2869,83.77,41,0,16.02
190,Puerto Baquerizo Moreno,EC,2021-07-18 19:10:13,-0.9,-89.6,71.71,85,68,14.12
191,Tabou,CI,2021-07-18 19:12:29,4.423,-7.3528,76.82,75,77,8.43
192,New Plymouth,NZ,2021-07-18 19:12:29,-39.0667,174.0833,51.04,90,100,6.76
193,Bandarbeyla,SO,2021-07-18 19:12:30,9.4942,50.8122,76.64,83,100,30.33
194,Rosehearty,GB,2021-07-18 19:12:30,57.697,-2.1132,61.61,82,100,2.01
195,Faanui,PF,2021-07-18 19:12:30,-16.4833,-151.75,77.22,77,100,21.27
196,Fairbanks,US,2021-07-18 19:12:30,64.8378,-147.7164,67.23,68,90,3.0
197,Coswig,DE,2021-07-18 19:11:25,51.1333,13.5833,74.08,64,0,4.61
198,Baicheng,CN,2021-07-18 19:12:31,45.6167,122.8167,73.36,89,11,11.41
199,Mount Gambier,AU,2021-07-18 19:12:31,-37.8333,140.7667,48.11,93,75,5.75
200,Luwuk,ID,2021-07-18 19:12:31,-0.9516,122.7875,76.46,87,100,4.0
201,Port Hardy,CA,2021-07-18 19:12:32,50.6996,-127.4199,58.93,70,100,3.33
202,Ballina,AU,2021-07-18 19:12:32,-28.8667,153.5667,47.79,80,62,6.44
203,Champerico,GT,2021-07-18 19:12:32,14.3,-91.9167,93.74,67,20,5.39
204,Srednekolymsk,RU,2021-07-18 19:12:33,67.45,153.6833,48.43,55,12,4.97
205,Walvis Bay,NA,2021-07-18 19:11:09,-22.9575,14.5053,74.35,33,4,11.54
206,Pangai,TO,2021-07-18 19:12:34,-19.8,-174.35,77.11,78,20,9.22
207,Sibolga,ID,2021-07-18 19:12:34,1.7427,98.7792,75.06,81,43,3.27
208,Ous,RU,2021-07-18 19:12:34,60.9058,61.5186,60.58,81,1,2.86
209,Skopin,RU,2021-07-18 19:12:34,53.8249,39.5505,76.21,81,82,4.61
210,Oktyabrskoye,RU,2021-07-18 19:12:35,43.0645,44.7417,71.74,73,1,8.95
211,Asosa,ET,2021-07-18 19:12:35,10.0667,34.5333,58.69,92,65,3.65
212,Leningradskiy,RU,2021-07-18 19:12:35,69.3833,178.4167,33.58,100,100,5.77
213,Inuvik,CA,2021-07-18 19:12:36,68.3499,-133.7218,56.8,74,95,14.32
214,Saurimo,AO,2021-07-18 19:10:49,-9.6608,20.3916,66.27,31,100,5.73
215,San Juan,AR,2021-07-18 19:10:54,-31.5375,-68.5364,57.94,18,66,8.77
216,Tandalti,SD,2021-07-18 19:12:36,13.0167,31.8667,85.77,50,100,16.35
217,Aleppo,SY,2021-07-18 19:12:37,36.25,37.5,88.59,35,0,12.57
218,Coquimbo,CL,2021-07-18 19:12:37,-29.9533,-71.3436,56.93,76,40,10.36
219,Beringovskiy,RU,2021-07-18 19:12:37,63.05,179.3167,48.16,95,100,10.98
220,Paragominas,BR,2021-07-18 19:12:38,-2.9667,-47.4833,89.91,48,83,2.57
221,Inverness,GB,2021-07-18 19:12:38,57.4791,-4.224,61.99,83,20,5.01
222,Tiznit,MA,2021-07-18 19:10:10,29.5833,-9.5,89.69,17,0,8.88
223,Tomatlan,MX,2021-07-18 19:12:39,19.9333,-105.25,90.97,55,100,6.8
224,Makakilo City,US,2021-07-18 19:12:39,21.3469,-158.0858,82.72,69,40,9.22
225,Eldorado,BR,2021-07-18 19:12:39,-23.7869,-54.2836,59.09,32,7,11.99
226,Mecca,SA,2021-07-18 19:12:21,21.4267,39.8261,92.93,23,100,2.46
227,Djambala,CG,2021-07-18 19:12:40,-2.5447,14.7533,79.86,36,36,5.32
228,Yulara,AU,2021-07-18 19:12:40,-25.2406,130.9889,40.84,75,0,3.44
229,Amga,RU,2021-07-18 19:12:40,60.8953,131.9608,58.19,72,99,0.6
230,Vaitape,PF,2021-07-18 19:12:41,-16.5167,-151.75,77.05,77,100,21.72
231,Atar,MR,2021-07-18 19:12:41,20.5169,-13.0499,109.06,11,99,14.41
232,Novyy Urgal,RU,2021-07-18 19:12:41,51.0736,132.5642,58.46,86,100,3.0
233,Nakhon Pathom,TH,2021-07-18 19:12:42,13.9833,100.0833,85.03,79,100,10.02
234,Praia Da Vitoria,PT,2021-07-18 19:12:42,38.7333,-27.0667,72.75,77,37,9.57
235,Bengkulu,ID,2021-07-18 19:12:03,-3.8004,102.2655,75.6,91,28,4.07
236,Ahvaz,IR,2021-07-18 19:10:56,31.3203,48.6693,96.75,49,37,11.5
237,Quelimane,MZ,2021-07-18 19:12:43,-17.8786,36.8883,67.95,83,75,10.36
238,Bafoulabe,ML,2021-07-18 19:12:43,13.8065,-10.8321,89.13,53,96,6.62
239,Holme,DK,2021-07-18 19:12:44,56.1138,10.1725,60.3,75,2,17.27
240,Kieta,PG,2021-07-18 19:12:44,-6.2167,155.6333,78.94,83,100,5.59
241,Chapais,CA,2021-07-18 19:12:44,49.7834,-74.8492,84.31,33,15,8.39
242,Chokurdakh,RU,2021-07-18 19:10:34,70.6333,147.9167,42.33,71,13,8.79
243,Portland,US,2021-07-18 19:11:52,45.5234,-122.6762,80.42,54,20,3.0
244,Asau,RO,2021-07-18 19:12:45,46.4333,26.4,72.28,94,75,3.06
245,Brownsburg,US,2021-07-18 19:12:45,39.8434,-86.3978,82.83,54,1,1.01
246,Eureka,US,2021-07-18 19:12:46,40.8021,-124.1637,68.2,77,27,4.0
247,Shakawe,BW,2021-07-18 19:12:46,-18.3667,21.85,55.36,36,0,6.04
248,San Joaquin,US,2021-07-18 19:12:46,37.9333,-121.3011,97.68,33,1,6.91
249,Muscle Shoals,US,2021-07-18 19:12:46,34.7448,-87.6675,85.5,69,20,1.99
250,Barahona,DO,2021-07-18 19:12:47,18.2085,-71.1008,91.22,49,40,18.41
251,Port Shepstone,ZA,2021-07-18 19:10:53,-30.7414,30.455,60.31,81,0,9.73
252,Biak,ID,2021-07-18 19:12:47,-0.9131,122.8766,75.42,85,100,4.88
253,Sao Filipe,CV,2021-07-18 19:12:48,14.8961,-24.4956,74.23,87,100,8.14
254,Ponta Delgada,PT,2021-07-18 19:12:48,37.7333,-25.6667,72.32,78,20,11.5
255,Guadalupe Victoria,MX,2021-07-18 19:12:48,32.2869,-115.105,106.57,26,5,14.85
256,Narsaq,GL,2021-07-18 19:12:48,60.9167,-46.05,50.22,97,100,1.34
257,Verkhniye Kigi,RU,2021-07-18 19:12:49,55.4083,58.6044,59.92,94,72,2.84
258,Tevriz,RU,2021-07-18 19:12:49,57.509,72.4042,52.27,91,45,2.86
259,Geraldton,AU,2021-07-18 19:12:49,-28.7667,114.6,55.81,94,100,9.22
260,Bhanvad,IN,2021-07-18 19:12:50,21.9264,69.7736,82.15,82,100,14.32
261,Mangrol,IN,2021-07-18 19:12:50,21.1167,70.1167,83.3,81,100,18.3
262,San Rafael Del Sur,NI,2021-07-18 19:12:50,11.8485,-86.4384,91.42,41,8,17.78
263,Ostrovnoy,RU,2021-07-18 19:12:51,68.0531,39.5131,64.54,60,100,24.47
264,Plaster Rock,CA,2021-07-18 19:12:51,46.9065,-67.39,82.56,59,100,5.82
265,Alindao,CF,2021-07-18 19:12:51,5.0267,21.2088,71.33,93,100,1.36
266,Terrace,CA,2021-07-18 19:12:51,54.5163,-128.6035,64.42,49,100,1.97
267,Rio Bonito,BR,2021-07-18 19:12:52,-22.7086,-42.6097,78.53,76,40,7.58
268,Yumen,CN,2021-07-18 19:12:18,40.2833,97.2,77.81,29,23,15.26
269,Raga,SS,2021-07-18 19:12:52,8.4596,25.678,70.02,95,58,3.76
270,Rabo De Peixe,PT,2021-07-18 19:12:53,37.8,-25.5833,71.11,78,20,11.5
271,Kaitangata,NZ,2021-07-18 19:12:53,-46.2817,169.8464,50.94,86,96,5.37
272,Anadyr,RU,2021-07-18 19:12:53,64.75,177.4833,53.01,81,13,10.56
273,Xifeng,CN,2021-07-18 19:12:53,42.7372,124.7222,70.92,93,11,3.62
274,Ayagoz,KZ,2021-07-18 19:12:54,47.9714,80.4392,67.77,28,51,5.06
275,Sucua,EC,2021-07-18 19:12:54,-2.4667,-78.1667,71.58,94,95,1.39
276,Tautira,PF,2021-07-18 19:12:54,-17.7333,-149.15,71.62,84,100,27.04
277,Moura,PT,2021-07-18 19:12:55,38.1401,-7.4486,90.77,19,0,14.45
278,Rio Gallegos,AR,2021-07-18 19:12:55,-51.6226,-69.2181,51.85,46,75,20.71
279,Cardston,CA,2021-07-18 19:12:55,49.2,-113.3019,85.35,25,2,6.49
280,Severo-Kurilsk,RU,2021-07-18 19:12:56,50.6789,156.125,51.15,96,81,11.97
281,Vila Velha,BR,2021-07-18 19:12:12,-20.3297,-40.2925,81.97,64,0,12.66
282,Peachtree City,US,2021-07-18 19:12:56,33.3968,-84.5958,87.62,67,20,1.99
283,Laguna,US,2021-07-18 19:12:57,38.421,-121.4238,103.14,35,1,1.01
284,Pangody,RU,2021-07-18 19:12:57,65.85,74.4859,52.61,62,7,7.11
285,Houma,US,2021-07-18 19:12:57,29.5958,-90.7195,91.4,82,75,4.61
286,Nemuro,JP,2021-07-18 19:12:58,43.3236,145.575,64.17,88,98,5.26
287,Chufarovo,RU,2021-07-18 19:12:58,54.0963,47.3367,68.65,84,97,1.63
288,Vardo,NO,2021-07-18 19:12:58,70.3705,31.1107,50.2,93,75,13.8
289,Artsvaberd,AM,2021-07-18 19:12:59,40.8336,45.4711,68.41,49,52,9.64
290,Ibipeba,BR,2021-07-18 19:12:59,-11.6408,-42.0111,87.49,23,0,5.5
291,Grand Gaube,MU,2021-07-18 19:12:59,-20.0064,57.6608,71.38,68,2,4.0
292,Souillac,MU,2021-07-18 19:13:00,-20.5167,57.5167,71.37,70,0,15.03
293,Anloga,GH,2021-07-18 19:13:00,5.7947,0.8973,77.22,83,94,12.84
294,Fort Nelson,CA,2021-07-18 19:13:00,58.8053,-122.7002,54.84,75,97,3.42
295,Bunia,CD,2021-07-18 19:13:01,1.5667,30.25,65.01,89,100,2.35
296,Thinadhoo,MV,2021-07-18 19:13:01,0.5333,72.9333,82.72,71,13,5.75
297,Salamanca,ES,2021-07-18 19:09:55,40.8333,-6.0,88.99,18,0,5.59
298,Zhigansk,RU,2021-07-18 19:13:02,66.7697,123.3711,54.18,56,100,8.97
299,Russell,US,2021-07-18 19:09:06,32.3502,-85.1999,89.11,62,75,8.05
300,Albury,AU,2021-07-18 19:13:03,-36.0833,146.9167,47.01,94,90,0.0
301,Kogon,UZ,2021-07-18 19:13:03,39.7228,64.5517,82.44,30,0,4.61
302,Liverpool,GB,2021-07-18 19:10:32,53.4106,-2.9779,80.55,65,0,1.99
303,Moron,AR,2021-07-18 19:12:35,-34.6534,-58.6198,54.91,59,6,10.0
304,Kutum,SD,2021-07-18 19:13:04,14.2,24.6667,75.72,51,80,4.99
305,Gizo,SB,2021-07-18 19:13:04,-8.103,156.8419,81.52,82,89,13.31
306,Kaka,TM,2021-07-18 19:12:31,37.3482,59.6143,87.22,19,1,1.61
307,Nuuk,GL,2021-07-18 19:13:05,64.1835,-51.7216,50.61,100,75,19.57
308,Hasaki,JP,2021-07-18 19:13:06,35.7333,140.8333,73.8,94,11,8.03
309,Soma,TR,2021-07-18 19:13:06,39.1855,27.6094,83.61,47,0,3.49
310,Itamaraca,BR,2021-07-18 19:13:06,-7.7478,-34.8256,81.28,76,1,11.88
311,Grootfontein,NA,2021-07-18 19:13:07,-19.5667,18.1167,55.62,36,0,7.18
312,Sulangan,PH,2021-07-18 19:13:07,11.1373,123.7228,83.39,74,51,10.33
313,Komsomolskiy,UZ,2021-07-18 19:13:08,40.4272,71.7189,74.62,53,100,3.69
314,San Patricio,US,2021-07-18 19:13:08,28.017,-97.5169,93.92,50,21,11.59
315,Boueni,YT,2021-07-18 19:13:08,-12.9025,45.0761,76.98,69,0,10.76
316,Kaeo,NZ,2021-07-18 19:13:08,-35.1,173.7833,53.33,96,75,12.62
317,Jensen Beach,US,2021-07-18 19:13:09,27.2545,-80.2298,92.05,70,40,8.01
318,Bandundu,CD,2021-07-18 19:13:10,-3.3167,17.3667,82.13,24,64,4.68
319,Peniche,PT,2021-07-18 19:13:10,39.3558,-9.3811,71.08,83,90,16.6
320,Novo Aripuana,BR,2021-07-18 19:13:10,-5.1206,-60.3797,98.6,26,40,5.41
321,Ugoofaaru,MV,2021-07-18 19:13:11,5.6667,73.0,83.03,71,100,12.66
322,High Level,CA,2021-07-18 19:13:11,58.5169,-117.136,62.31,55,100,5.66
323,Husavik,IS,2021-07-18 19:13:11,66.0449,-17.3389,54.93,74,59,5.32
324,Hinton,CA,2021-07-18 19:13:12,53.4001,-117.5857,70.11,92,100,3.38
325,Wajir,KE,2021-07-18 19:13:12,1.7471,40.0573,84.51,37,99,22.57
326,Ayr,GB,2021-07-18 19:13:12,55.4627,-4.6339,66.92,63,20,5.75
327,Labuhan,ID,2021-07-18 19:13:13,-6.8844,112.2051,76.48,84,17,6.71
328,Noshiro,JP,2021-07-18 19:13:13,40.2039,140.0242,71.08,77,0,3.58
329,Bayan,CN,2021-07-18 19:13:13,46.0833,127.4,68.88,93,41,5.19
330,Malanje,AO,2021-07-18 19:13:13,-9.5402,16.341,71.46,27,33,3.65
331,Provideniya,RU,2021-07-18 19:13:14,64.3833,-173.3,46.96,98,100,4.99
332,Fare,PF,2021-07-18 19:13:14,-16.7,-151.0167,73.96,89,100,19.24
333,Mandalgovi,MN,2021-07-18 19:13:14,45.7625,106.2708,73.08,48,100,2.89
334,Rosetown,CA,2021-07-18 19:13:15,51.5501,-108.0014,79.36,49,0,10.71
335,Codrington,AU,2021-07-18 19:13:15,-38.2667,141.9667,46.02,97,100,9.93
336,Luancheng,CN,2021-07-18 19:13:16,37.8792,114.6517,73.27,98,100,1.34
337,Sorland,NO,2021-07-18 19:13:16,67.667,12.6934,50.07,84,100,16.84
338,Kankon,IN,2021-07-18 19:13:16,15.0167,74.0167,76.42,93,100,10.25
339,Punakha,BT,2021-07-18 19:13:16,27.5837,89.8598,73.29,98,100,0.83
340,Myitkyina,MM,2021-07-18 19:10:51,25.3833,97.4,76.17,99,100,0.83
341,Banda Aceh,ID,2021-07-18 19:13:17,5.5577,95.3222,78.73,77,99,12.86
342,Mahibadhoo,MV,2021-07-18 19:11:00,3.7833,72.9667,82.45,76,94,13.0
343,Durango,MX,2021-07-18 19:13:18,24.8333,-104.8333,79.2,39,19,10.38
344,La Ronge,CA,2021-07-18 19:13:18,55.1001,-105.2842,63.54,45,15,7.81
345,Pointe Michel,DM,2021-07-18 19:13:18,15.25,-61.3833,81.77,79,19,14.47
346,Manitouwadge,CA,2021-07-18 19:13:19,49.1215,-85.8403,87.31,39,8,4.25
347,Caravelas,BR,2021-07-18 19:13:19,-17.7125,-39.2481,76.89,63,0,8.5
348,Eqbaliyeh,IR,2021-07-18 19:13:19,35.3022,51.5358,96.62,24,94,13.87
349,Gao,ML,2021-07-18 19:13:19,16.6362,1.637,101.14,21,44,7.2
350,Nizhnyaya Tavda,RU,2021-07-18 19:13:20,57.6731,66.1725,59.4,79,11,5.93
351,Moree,AU,2021-07-18 19:13:20,-29.4667,149.85,35.62,100,90,0.0
352,Upata,VE,2021-07-18 19:13:20,8.0086,-62.3989,87.19,61,36,6.58
353,Waipawa,NZ,2021-07-18 19:13:21,-41.4122,175.5153,48.83,91,100,12.73
354,Nerchinskiy Zavod,RU,2021-07-18 19:13:21,51.3088,119.61,58.17,95,96,3.8
355,Bathsheba,BB,2021-07-18 19:13:21,13.2167,-59.5167,86.61,74,40,19.57
356,Rochester,US,2021-07-18 19:13:22,43.1548,-77.6156,79.63,63,75,1.01
357,Harper,LR,2021-07-18 19:13:22,4.375,-7.7169,76.66,75,64,8.48
358,Sakassou,CI,2021-07-18 19:13:22,7.4546,-5.2926,76.06,83,39,4.65
359,Saint-Leu,RE,2021-07-18 19:13:22,-21.15,55.2833,68.86,77,43,4.88
360,Pangkalanbuun,ID,2021-07-18 19:13:23,-2.6833,111.6167,73.72,99,27,1.77
361,Shaoyang,CN,2021-07-18 19:13:23,27.2315,111.4525,74.16,88,50,1.68
362,Saskylakh,RU,2021-07-18 19:13:23,71.9167,114.0833,55.2,85,100,1.21
363,Irbit,RU,2021-07-18 19:13:24,57.6705,63.071,62.28,87,100,3.18
364,Tatsuno,JP,2021-07-18 19:13:24,34.8667,134.55,77.41,94,89,3.42
365,Vostok,RU,2021-07-18 19:13:24,46.4856,135.8833,63.86,85,7,3.51
366,Aykhal,RU,2021-07-18 19:13:25,66.0,111.5,52.7,90,42,18.41
367,Mount Isa,AU,2021-07-18 19:13:25,-20.7333,139.5,55.17,47,31,8.05
368,Hornepayne,CA,2021-07-18 19:13:25,49.2138,-84.7705,84.97,44,6,3.65
369,Pisco,PE,2021-07-18 19:13:26,-13.7,-76.2167,64.45,77,75,11.5
370,Tura,IN,2021-07-18 19:13:26,25.5198,90.2201,74.97,98,100,3.53
371,Nizwa,OM,2021-07-18 19:13:26,22.9333,57.5333,83.68,60,18,4.41
372,Ostrovskoye,RU,2021-07-18 19:13:27,57.8057,42.2433,66.6,60,11,2.46
373,The Valley,AI,2021-07-18 19:13:27,18.217,-63.0578,87.66,74,20,19.57
374,Opuwo,NA,2021-07-18 19:13:28,-18.0607,13.84,67.64,36,24,10.11
375,Klyuchi,RU,2021-07-18 19:13:28,52.2667,79.1667,59.11,92,0,6.29
376,Kayseri,TR,2021-07-18 19:13:28,38.737,35.4968,82.42,36,0,4.61
377,Ferzikovo,RU,2021-07-18 19:13:28,54.5191,36.7567,67.64,88,18,1.68
378,Kearney,US,2021-07-18 19:13:29,40.6995,-99.0815,79.72,69,20,12.66
379,Sao Joao Da Barra,BR,2021-07-18 19:13:29,-21.6403,-41.0511,78.89,78,6,11.23
380,Los Llanos De Aridane,ES,2021-07-18 19:13:29,28.6585,-17.9182,71.35,78,0,16.11
381,Port-Cartier,CA,2021-07-18 19:13:30,50.0334,-66.8654,71.74,55,98,11.07
382,Kununurra,AU,2021-07-18 19:13:30,-15.7667,128.7333,60.78,67,100,5.75
383,Luwero,UG,2021-07-18 19:13:30,0.8492,32.4731,63.39,75,79,3.36
384,Hovd,MN,2021-07-18 19:13:31,48.0056,91.6419,62.47,53,6,4.81
385,Sao Felipe,BR,2021-07-18 19:13:31,-14.8167,-41.3833,88.34,22,0,2.64
386,Hofn,IS,2021-07-18 19:13:31,64.2539,-15.2082,53.8,83,34,13.44
387,Kenai,US,2021-07-18 19:13:31,60.5544,-151.2583,77.02,59,20,6.91
388,Am Timan,TD,2021-07-18 19:13:32,11.0297,20.2827,75.13,77,39,4.65
389,Okha,RU,2021-07-18 19:13:32,53.5739,142.9478,58.01,75,8,12.93
390,Gravina In Puglia,IT,2021-07-18 19:13:32,40.8197,16.4228,74.55,79,69,8.16
391,Somerset East,ZA,2021-07-18 19:13:33,-32.7217,25.588,55.96,23,0,6.24
392,Ocos,GT,2021-07-18 19:13:33,14.5094,-92.1933,93.7,68,17,4.97
393,Lotofaga,WS,2021-07-18 19:13:33,-13.9764,-171.8578,81.57,75,56,23.17
394,Iqaluit,CA,2021-07-18 19:13:33,63.7506,-68.5145,45.7,61,95,10.0
395,Neuquen,AR,2021-07-18 19:08:44,-38.9516,-68.0591,55.29,38,0,2.3
396,Boa Vista,BR,2021-07-18 19:13:34,2.8197,-60.6733,76.98,78,90,16.11
397,Omboue,GA,2021-07-18 19:13:34,-1.5746,9.2618,73.47,79,0,8.68
398,Turukhansk,RU,2021-07-18 19:13:35,65.8167,87.9833,47.01,75,79,3.02
399,Yabrud,SY,2021-07-18 19:13:35,33.9674,36.6574,73.06,17,0,6.31
400,Faaborg,DK,2021-07-18 19:08:45,55.0951,10.2423,62.6,68,0,19.77
401,Norman Wells,CA,2021-07-18 19:13:36,65.282,-126.8329,78.44,31,90,2.55
402,Moscow,RU,2021-07-18 19:09:48,55.7522,37.6156,73.83,81,100,3.98
403,Yar-Sale,RU,2021-07-18 19:13:36,66.8333,70.8333,52.9,81,100,6.96
404,Kharp,RU,2021-07-18 19:13:37,66.8014,65.8081,55.2,80,89,5.59
405,Lufilufi,WS,2021-07-18 19:13:37,-13.8745,-171.5986,81.48,73,57,23.2
406,Nagato,JP,2021-07-18 19:13:37,34.3833,131.2,71.2,88,100,11.05
407,General Roca,AR,2021-07-18 19:13:37,-39.0333,-67.5833,55.8,17,1,13.0
408,Fort Saint James,CA,2021-07-18 19:13:38,54.4333,-124.25,63.77,55,90,2.24
409,Mumford,GH,2021-07-18 19:13:38,5.2618,-0.759,75.87,85,63,11.68
410,Kysyl-Syr,RU,2021-07-18 19:13:38,63.8986,122.7617,59.77,51,66,5.95
411,Dawei,MM,2021-07-18 19:13:39,14.0833,98.2,76.69,94,100,7.52
412,Renqiu,CN,2021-07-18 19:13:39,38.6989,116.0936,73.2,97,100,4.63
413,Lingao,CN,2021-07-18 19:13:39,19.9103,109.6859,81.23,80,100,4.45
414,Dingle,PH,2021-07-18 19:13:39,10.9995,122.6711,77.54,86,99,8.79
415,Berlevag,NO,2021-07-18 19:13:40,70.8578,29.0864,50.0,81,75,16.11
416,Novikovo,RU,2021-07-18 19:13:40,51.1537,37.8879,76.8,61,69,1.05
417,Ligayan,PH,2021-07-18 19:13:40,4.6533,119.4706,82.65,79,16,7.43
418,Muyezerskiy,RU,2021-07-18 19:13:41,63.9333,31.65,55.92,80,3,4.85
419,Oranjestad,AW,2021-07-18 19:13:41,12.524,-70.027,87.75,66,75,21.85
420,Maple Creek,CA,2021-07-18 19:13:41,49.9168,-109.4848,88.86,26,4,5.88
421,Tortoli,IT,2021-07-18 19:13:42,39.9256,9.6572,79.99,52,0,3.91
422,Bontang,ID,2021-07-18 19:13:42,0.1333,117.5,78.01,88,87,7.2
423,Saint-Georges,GD,2021-07-18 19:13:42,12.0564,-61.7485,83.88,79,20,23.02
424,Serebryansk,KZ,2021-07-18 19:13:43,49.6925,83.2892,62.13,64,51,3.94
425,Ayan,RU,2021-07-18 19:13:43,56.45,138.1667,64.62,66,41,12.08
426,San Bartolome De Tirajana,ES,2021-07-18 19:13:43,27.9248,-15.5733,70.32,67,0,26.46
427,Cascais,PT,2021-07-18 19:13:43,38.6979,-9.4215,70.95,62,20,1.99
428,Korla,CN,2021-07-18 19:13:44,41.7597,86.1469,77.07,30,90,15.75
429,Quzhou,CN,2021-07-18 19:13:44,28.9594,118.8686,76.6,92,100,2.48
430,Kushima,JP,2021-07-18 19:13:44,31.4583,131.2333,75.16,95,100,6.2
431,Quarai,BR,2021-07-18 19:13:45,-30.3875,-56.4514,51.33,55,3,18.43
432,Marsa Matruh,EG,2021-07-18 19:13:45,31.3525,27.2453,79.48,71,0,8.01
433,Marsaxlokk,MT,2021-07-18 19:13:45,35.8419,14.5431,77.07,83,20,23.02
434,Takhli,TH,2021-07-18 19:13:46,15.2634,100.3438,80.53,85,100,12.12
435,Bonfim,BR,2021-07-18 19:13:46,3.0833,-59.95,85.39,67,77,8.72
436,Vestmannaeyjar,IS,2021-07-18 19:13:46,63.4427,-20.2734,49.19,87,90,14.97
437,Katangli,RU,2021-07-18 19:13:46,51.7102,143.2326,59.25,83,10,10.94
438,Rawson,AR,2021-07-18 19:13:47,-43.3002,-65.1023,53.15,33,6,22.57
439,Shirokiy,RU,2021-07-18 19:13:47,49.758,129.523,69.76,62,100,5.28
440,Fernandez,AR,2021-07-18 19:13:47,-27.9204,-63.8935,60.22,25,100,1.05
441,Esso,RU,2021-07-18 19:13:48,55.9333,158.7,52.47,99,100,2.71
442,Hami,CN,2021-07-18 19:13:48,42.8,93.45,78.4,28,0,11.59
443,San Quintin,MX,2021-07-18 19:10:20,30.4833,-115.95,78.1,65,1,9.75
444,Nuevitas,CU,2021-07-18 19:13:48,21.5453,-77.2644,90.84,63,13,14.36
445,Mae Sot,TH,2021-07-18 19:13:21,16.7167,98.5667,72.37,98,100,2.95
446,Beyneu,KZ,2021-07-18 19:13:49,45.3167,55.2,92.79,16,9,10.02
447,Beloha,MG,2021-07-18 19:13:49,-25.1667,45.05,68.36,85,80,8.21
448,Kishangarh,IN,2021-07-18 19:13:50,26.5667,74.8667,76.87,85,100,11.03
449,Terra Santa,BR,2021-07-18 19:13:50,-2.1042,-56.4869,93.25,42,62,3.78
450,Cabedelo,BR,2021-07-18 19:13:50,-6.9811,-34.8339,81.27,78,2,14.25
451,Bousso,TD,2021-07-18 19:13:51,10.4795,16.7117,70.77,89,100,4.03
452,Tabat,ID,2021-07-18 19:13:51,-2.635,115.2274,74.7,92,90,1.32
453,Bukoba,TZ,2021-07-18 19:13:51,-1.3317,31.8122,70.68,60,37,5.79
454,Assiniboia,CA,2021-07-18 19:13:52,49.6334,-105.9845,89.82,31,0,10.31
455,Acajutla,SV,2021-07-18 19:13:52,13.5928,-89.8275,92.8,60,100,5.06
456,Taksimo,RU,2021-07-18 19:13:52,56.3444,114.8794,64.74,69,7,2.35
457,Yanliang,CN,2021-07-18 19:13:52,34.6592,109.2292,73.62,92,64,5.14
458,Kuna,US,2021-07-18 19:13:53,43.4918,-116.4201,95.49,21,1,6.91
459,Brigantine,US,2021-07-18 19:13:53,39.4101,-74.3646,87.01,62,40,16.11
460,Nalut,LY,2021-07-18 19:13:53,30.3333,10.85,88.65,23,0,13.6
461,Ahipara,NZ,2021-07-18 19:13:54,-35.1667,173.1667,56.26,88,45,14.03
462,Limbang,MY,2021-07-18 19:13:54,4.75,115.0,77.11,98,96,2.26
463,Baruun-Urt,MN,2021-07-18 19:13:54,46.6806,113.2792,59.22,93,0,3.22
464,Zhezkazgan,KZ,2021-07-18 19:13:55,47.8043,67.7144,76.5,40,12,3.94
465,Kloulklubed,PW,2021-07-18 19:13:55,7.0419,134.2556,79.07,84,100,10.2
466,Hualmay,PE,2021-07-18 19:13:55,-11.0964,-77.6139,67.77,68,22,9.15
467,Saraza,PH,2021-07-18 19:13:56,8.7356,117.78,78.87,85,100,7.63
468,Iquitos,PE,2021-07-18 19:13:56,-3.7481,-73.2472,86.04,66,75,6.91
469,Opotiki,NZ,2021-07-18 19:13:56,-38.0833,177.2833,54.39,92,45,8.5
470,Amazar,RU,2021-07-18 19:13:57,53.858,120.875,61.21,75,100,4.56
471,Havelock,US,2021-07-18 19:13:57,34.8791,-76.9013,91.98,79,21,8.99
472,Mareeba,AU,2021-07-18 19:13:57,-17.0,145.4333,66.92,81,50,2.57
473,Vallenar,CL,2021-07-18 19:13:57,-28.5708,-70.7581,75.0,19,100,4.81
474,Kudahuvadhoo,MV,2021-07-18 19:13:58,2.6708,72.8944,82.06,76,28,9.69
475,Antibes,FR,2021-07-18 19:13:58,43.5624,7.1278,82.83,51,0,3.44
476,Coihaique,CL,2021-07-18 19:10:26,-45.5752,-72.0662,45.21,75,90,4.61
477,Kattivakkam,IN,2021-07-18 19:13:59,13.2167,80.3167,80.69,74,93,13.69
478,Labrea,BR,2021-07-18 19:13:59,-7.2586,-64.7981,98.71,27,0,6.11
479,Susurluk,TR,2021-07-18 19:13:59,39.9136,28.1578,84.69,69,0,4.23
480,Bolobo,CD,2021-07-18 19:14:00,-2.1667,16.2333,82.17,37,87,1.77
481,Ruidoso,US,2021-07-18 19:14:00,33.3317,-105.673,78.96,59,81,1.52
482,Beira,MZ,2021-07-18 19:14:00,-19.8436,34.8389,68.09,68,20,9.22
483,Guia De Isora,ES,2021-07-18 19:14:01,28.2115,-16.7795,85.12,35,3,2.84
484,Palm Valley,US,2021-07-18 19:14:02,30.1775,-81.3876,94.05,66,99,12.06
485,Puerto Escondido,MX,2021-07-18 19:14:02,15.85,-97.0667,88.63,58,75,8.05
486,Ixtapa,MX,2021-07-18 19:14:02,20.7,-105.2,87.22,66,90,9.22
487,Dakar,SN,2021-07-18 19:10:35,14.6937,-17.4441,86.88,83,6,11.81
488,Shingu,JP,2021-07-18 19:14:03,33.7333,135.9833,76.91,93,12,4.16
489,Kichera,RU,2021-07-18 19:14:03,55.9375,110.0997,60.13,96,100,3.8
490,Houlton,US,2021-07-18 19:14:04,46.1262,-67.8403,79.41,57,90,4.61
491,Nanortalik,GL,2021-07-18 19:14:04,60.1432,-45.2371,46.94,97,100,7.43
492,Manicore,BR,2021-07-18 19:14:05,-5.8092,-61.3003,98.02,27,10,5.44
493,Takaka,NZ,2021-07-18 19:14:05,-40.85,172.8,49.96,93,100,1.36
494,De-Kastri,RU,2021-07-18 19:14:05,51.4667,140.7833,63.36,67,0,6.8
495,Kavieng,PG,2021-07-18 19:14:06,-2.5744,150.7967,80.96,77,100,7.34
496,The Hague,NL,2021-07-18 19:11:01,52.0767,4.2986,71.94,74,0,1.99
497,Matveyevka,RU,2021-07-18 19:14:06,52.15,56.1833,72.55,59,3,5.79
498,Belyy Yar,RU,2021-07-18 19:14:06,53.6039,91.3903,58.89,88,0,2.24
499,Kaura Namoda,NG,2021-07-18 19:14:07,12.5898,6.5779,85.91,56,100,9.13
500,Aroeiras,BR,2021-07-18 19:14:07,-7.5453,-35.7075,82.6,43,66,12.71
501,Ripky,UA,2021-07-18 19:13:05,51.801,31.0838,66.02,89,100,5.32
502,Yilan,TW,2021-07-18 19:14:08,24.757,121.753,84.81,94,100,2.3
503,Pallasovka,RU,2021-07-18 19:14:08,50.05,46.8833,80.06,50,15,4.07
504,Dunedin,NZ,2021-07-18 19:14:08,-45.8742,170.5036,46.8,93,100,6.29
505,Jamui,IN,2021-07-18 19:14:09,24.9167,86.2167,83.07,78,100,6.31
506,Santa Isabel Do Rio Negro,BR,2021-07-18 19:14:09,-0.4139,-65.0192,85.91,60,84,4.16
507,Waingapu,ID,2021-07-18 19:12:35,-9.6567,120.2641,73.02,85,34,7.18
508,Nioro,GM,2021-07-18 19:14:10,13.35,-15.75,90.54,56,88,5.21
509,Bambanglipuro,ID,2021-07-18 19:14:10,-7.95,110.2833,75.22,87,59,4.92
510,Kyabram,AU,2021-07-18 19:14:10,-36.3167,145.05,45.88,71,100,4.47
511,Mae Hong Son,TH,2021-07-18 19:14:11,19.3003,97.9685,76.24,92,100,1.48
512,Port Lincoln,AU,2021-07-18 19:14:11,-34.7333,135.8667,51.55,88,94,10.0
513,Broken Hill,AU,2021-07-18 19:14:11,-31.95,141.4333,51.04,49,100,6.24
514,Half Moon Bay,US,2021-07-18 19:14:11,37.4636,-122.4286,93.74,64,1,1.01
515,Tam Ky,VN,2021-07-18 19:14:12,15.5667,108.4833,80.58,90,13,5.08
516,Sedro-Woolley,US,2021-07-18 19:14:12,48.5039,-122.2361,77.18,56,1,0.0
517,Xuddur,SO,2021-07-18 19:14:12,4.1213,43.8894,76.68,56,100,20.96
518,Hirara,JP,2021-07-18 19:14:13,24.8,125.2833,83.14,81,70,10.04
519,Surazh,RU,2021-07-18 19:14:13,53.0175,32.3918,67.3,88,67,3.94
520,Merauke,ID,2021-07-18 19:14:13,-8.4667,140.3333,76.6,90,99,12.68
521,Samarai,PG,2021-07-18 19:14:13,-10.6167,150.6667,79.38,79,100,15.26
522,Moose Factory,CA,2021-07-18 19:14:14,51.2585,-80.6094,57.54,50,100,7.94
523,Vrangel,RU,2021-07-18 19:14:14,42.7297,133.0839,71.08,90,65,4.12
524,Swan Hill,AU,2021-07-18 19:14:14,-35.3378,143.5544,44.4,71,100,4.07
525,Constantine,DZ,2021-07-18 19:10:41,36.365,6.6147,73.47,53,0,6.51
526,Zaysan,KZ,2021-07-18 19:14:15,47.4667,84.8667,66.96,31,0,7.54
527,Shiroishi,JP,2021-07-18 19:14:15,38.0033,140.6183,73.27,88,8,2.86
528,Goure,NE,2021-07-18 19:14:15,13.9835,10.2704,85.01,45,92,14.94
529,Saint Anthony,US,2021-07-18 19:14:16,45.0205,-93.218,88.92,42,1,3.0
530,Bismarck,US,2021-07-18 19:14:16,46.8083,-100.7837,96.64,42,1,4.0
531,Manzhouli,CN,2021-07-18 19:14:16,49.6,117.4333,62.19,98,100,4.38
532,Creel,MX,2021-07-18 19:14:16,27.75,-107.6333,76.48,40,22,11.7
533,Xiamen,CN,2021-07-18 19:09:28,24.4798,118.0819,79.36,80,100,4.34
534,Darnah,LY,2021-07-18 19:14:17,32.767,22.6367,78.84,68,0,12.5
535,Pecq,FR,2021-07-18 19:14:18,48.8932,2.1037,82.09,54,0,11.5
536,Torbay,CA,2021-07-18 19:14:18,47.6666,-52.7314,79.88,68,1,11.48
537,Anchorage,US,2021-07-18 19:09:25,61.2181,-149.9003,76.86,57,1,4.61
538,Rocha,UY,2021-07-18 19:14:19,-34.4833,-54.3333,50.07,91,100,28.43
539,Richards Bay,ZA,2021-07-18 19:14:19,-28.783,32.0377,59.5,75,0,2.71
540,Namatanai,PG,2021-07-18 19:14:20,-3.6667,152.4333,77.95,86,100,6.29
541,Santa Rosa,PH,2021-07-18 19:14:20,14.3122,121.1114,80.1,84,100,3.91
542,Cuamba,MZ,2021-07-18 19:14:20,-14.8031,36.5372,61.79,78,69,7.25
543,Kathu,TH,2021-07-18 19:14:20,7.9178,98.3332,86.7,82,85,13.09
544,Flinders,AU,2021-07-18 19:14:21,-34.5833,150.8552,49.05,80,100,1.01
545,Alto Araguaia,BR,2021-07-18 19:14:21,-17.3147,-53.2153,78.03,49,97,14.25
546,Aswan,EG,2021-07-18 19:11:15,24.0934,32.907,96.87,13,91,4.94
547,Bayir,TR,2021-07-18 19:14:22,37.2687,28.2167,75.72,73,0,4.05
548,Vanimo,PG,2021-07-18 19:14:22,-2.6741,141.3028,76.5,89,100,2.84
549,Zhangjiakou,CN,2021-07-18 19:14:22,40.81,114.8794,68.5,95,18,3.62
550,Estevan,CA,2021-07-18 19:14:23,49.1334,-102.9842,90.21,26,2,7.83
551,Mwinilunga,ZM,2021-07-18 19:14:23,-11.7358,24.4293,58.03,44,5,5.03
552,Poshekhonye,RU,2021-07-18 19:14:23,58.4993,39.1353,67.53,51,77,5.77
553,Englewood,US,2021-07-18 19:14:24,39.6478,-104.9878,92.77,33,20,1.99
554,Hashtrud,IR,2021-07-18 19:14:24,37.4779,47.0508,76.14,37,9,8.52
555,Calvinia,ZA,2021-07-18 19:14:24,-31.4707,19.776,55.4,32,0,7.83
556,Luquillo,PR,2021-07-18 19:14:25,18.3725,-65.7166,88.57,74,90,11.5
557,Codajas,BR,2021-07-18 19:14:25,-3.8367,-62.0569,94.77,36,33,5.77
558,Labytnangi,RU,2021-07-18 19:14:25,66.6572,66.4183,55.87,78,52,5.39
559,Vilyuysk,RU,2021-07-18 19:14:26,63.7553,121.6247,62.92,70,96,6.33
560,Wagar,SD,2021-07-18 19:14:26,16.1525,36.2032,78.24,74,66,10.2
561,Umea,SE,2021-07-18 19:14:26,63.8284,20.2597,58.91,72,20,8.05
562,Jalalpur,PK,2021-07-18 19:14:26,32.6374,74.2183,89.47,74,75,23.02
563,North Bend,US,2021-07-18 19:14:27,43.4065,-124.2243,77.94,65,1,14.97
564,Tessalit,ML,2021-07-18 19:14:27,20.1986,1.0114,103.01,10,21,3.22
